{
  "model_name": "dt",
  "model_type": "decision_tree",
  "n_train": 40000,
  "n_test": 10000,
  "fraud_rate_train": 0.08635,
  "fraud_rate_test": 0.0863,
  "roc_auc": 0.99936590316758,
  "pr_auc": 0.9977838455950772,
  "log_loss": 0.007208730677823651,
  "brier": 0.0002,
  "threshold": 0.5,
  "accuracy": 0.9998,
  "precision": 0.9988412514484357,
  "recall": 0.9988412514484357,
  "f1": 0.9988412514484357,
  "confusion_matrix": [
    [
      9136,
      1
    ],
    [
      1,
      862
    ]
  ]
}