{
  "n_train": 16000,
  "n_test": 4000,
  "fraud_rate_train": 0.08575,
  "fraud_rate_test": 0.08575,
  "roc_auc": 0.9776266770624809,
  "pr_auc": 0.715237158426135,
  "log_loss": 0.27552821841022246,
  "brier": 0.05530572650245162,
  "threshold": 0.5,
  "accuracy": 0.92925,
  "precision": 0.5510204081632653,
  "recall": 0.9446064139941691,
  "f1": 0.6960257787325457,
  "confusion_matrix": [
    [
      3393,
      264
    ],
    [
      19,
      324
    ]
  ]
}