{
  "model_name": "lr",
  "model_type": "logistic_regression",
  "n_train": 40000,
  "n_test": 10000,
  "fraud_rate_train": 0.08635,
  "fraud_rate_test": 0.0863,
  "roc_auc": 0.9779951278535784,
  "pr_auc": 0.7486173001195116,
  "log_loss": 0.24741558276051345,
  "brier": 0.05252280683454559,
  "threshold": 0.5,
  "accuracy": 0.9333,
  "precision": 0.5686274509803921,
  "recall": 0.9409038238702202,
  "f1": 0.7088607594936709,
  "confusion_matrix": [
    [
      8521,
      616
    ],
    [
      51,
      812
    ]
  ]
}